ID,OWNER_ID,NAME
302,1,testCohort302
303,1,testCohort303
304,1,testCohort304
305,1,testCohort305
306,1,testCohort306
307,1,testCohort307
308,1,testCohort308
309,1,testCohort309
310,1,testCohort310
311,1,testCohort311
312,1,testCohort312
313,1,testCohort313
314,1,testCohort314
315,1,testCohort315
316,1,testCohort316
317,1,testCohort317
318,1,testCohort318
319,1,testCohort319
320,1,testCohort320
321,1,testCohort321
322,1,testCohort322
323,1,testCohort323
324,1,testCohort324
325,1,testCohort325
326,1,testCohort326
327,1,testCohort327
328,1,testCohort328
329,1,testCohort329
330,1,testCohort330
331,1,testCohort331
332,1,testCohort332
333,1,testCohort333
334,1,testCohort334
335,1,testCohort335
336,1,testCohort336
337,1,testCohort337
338,1,testCohort338
339,1,testCohort339
340,1,testCohort340
341,1,testCohort341
342,1,testCohort342
343,1,testCohort343
344,1,testCohort344
345,1,testCohort345
346,1,testCohort346
347,1,testCohort347
348,1,testCohort348
349,1,testCohort349
350,1,testCohort350
351,1,testCohort351
352,1,testCohort352
353,1,testCohort353
354,1,testCohort354
355,1,testCohort355
356,1,testCohort356
357,1,testCohort357
358,1,testCohort358
359,1,testCohort359
360,1,testCohort360
361,1,testCohort361
362,1,testCohort362
363,1,testCohort363
364,1,testCohort364
365,1,testCohort365
366,1,testCohort366
367,1,testCohort367
368,1,testCohort368
369,1,testCohort369
370,1,testCohort370
371,1,testCohort371
372,1,testCohort372
373,1,testCohort373
374,1,testCohort374
375,1,testCohort375
376,1,testCohort376
377,1,testCohort377
378,1,testCohort378
379,1,testCohort379
380,1,testCohort380
381,1,testCohort381
382,1,testCohort382
383,1,testCohort383
384,1,testCohort384
385,1,testCohort385
386,1,testCohort386
387,1,testCohort387
388,1,testCohort388
389,1,testCohort389
390,1,testCohort390
391,1,testCohort391
392,1,testCohort392
393,1,testCohort393
394,1,testCohort394
395,1,testCohort395
396,1,testCohort396
397,1,testCohort397
398,1,testCohort398
399,1,testCohort399
400,1,testCohort400
401,1,testCohort401
402,1,testCohort402
403,1,testCohort403
404,1,testCohort404
405,1,testCohort405
406,1,testCohort406
407,1,testCohort407
408,1,testCohort408
409,1,testCohort409
410,1,testCohort410
411,1,testCohort411
412,1,testCohort412
413,1,testCohort413
414,1,testCohort414
415,1,testCohort415
416,1,testCohort416
417,1,testCohort417
418,1,testCohort418
419,1,testCohort419
420,1,testCohort420
421,1,testCohort421
422,1,testCohort422
423,1,testCohort423
424,1,testCohort424
425,1,testCohort425
426,1,testCohort426
427,1,testCohort427
428,1,testCohort428
429,1,testCohort429
430,1,testCohort430
431,1,testCohort431
432,1,testCohort432
433,1,testCohort433
434,1,testCohort434
435,1,testCohort435
436,1,testCohort436
437,1,testCohort437
438,1,testCohort438
439,1,testCohort439
440,1,testCohort440
441,1,testCohort441
442,1,testCohort442
443,1,testCohort443
444,1,testCohort444
445,1,testCohort445
446,1,testCohort446
447,1,testCohort447
448,1,testCohort448
449,1,testCohort449
450,1,testCohort450
451,1,testCohort451
452,1,testCohort452
453,1,testCohort453
454,1,testCohort454
455,1,testCohort455
456,1,testCohort456
457,1,testCohort457
458,1,testCohort458
459,1,testCohort459
460,1,testCohort460
461,1,testCohort461
462,1,testCohort462
463,1,testCohort463
464,1,testCohort464
465,1,testCohort465
466,1,testCohort466
467,1,testCohort467
468,1,testCohort468
469,1,testCohort469
470,1,testCohort470
471,1,testCohort471
472,1,testCohort472
473,1,testCohort473
474,1,testCohort474
475,1,testCohort475
476,1,testCohort476
477,1,testCohort477
478,1,testCohort478
479,1,testCohort479
480,1,testCohort480
481,1,testCohort481
482,1,testCohort482
483,1,testCohort483
484,1,testCohort484
485,1,testCohort485
486,1,testCohort486
487,1,testCohort487
488,1,testCohort488
489,1,testCohort489
490,1,testCohort490
491,1,testCohort491
492,1,testCohort492
493,1,testCohort493
494,1,testCohort494
495,1,testCohort495
496,1,testCohort496
497,1,testCohort497
498,1,testCohort498
499,1,testCohort499
500,1,testCohort500
501,1,testCohort501
502,1,testCohort502
503,1,testCohort503
504,1,testCohort504
505,1,testCohort505
506,1,testCohort506
507,1,testCohort507
508,1,testCohort508
509,1,testCohort509
510,1,testCohort510
511,1,testCohort511
512,1,testCohort512
513,1,testCohort513
514,1,testCohort514
515,1,testCohort515
516,1,testCohort516
517,1,testCohort517
518,1,testCohort518
519,1,testCohort519
520,1,testCohort520
521,1,testCohort521
522,1,testCohort522
523,1,testCohort523
524,1,testCohort524
525,1,testCohort525
526,1,testCohort526
527,1,testCohort527
528,1,testCohort528
529,1,testCohort529
530,1,testCohort530
531,1,testCohort531
532,1,testCohort532
533,1,testCohort533
534,1,testCohort534
535,1,testCohort535
536,1,testCohort536
537,1,testCohort537
538,1,testCohort538
539,1,testCohort539
540,1,testCohort540
541,1,testCohort541
542,1,testCohort542
543,1,testCohort543
544,1,testCohort544
545,1,testCohort545
546,1,testCohort546
547,1,testCohort547
548,1,testCohort548
549,1,testCohort549
550,1,testCohort550
551,1,testCohort551
552,1,testCohort552
553,1,testCohort553
554,1,testCohort554
555,1,testCohort555
556,1,testCohort556
557,1,testCohort557
558,1,testCohort558
559,1,testCohort559
560,1,testCohort560
561,1,testCohort561
562,1,testCohort562
563,1,testCohort563
564,1,testCohort564
565,1,testCohort565
566,1,testCohort566
567,1,testCohort567
568,1,testCohort568
569,1,testCohort569
570,1,testCohort570
571,1,testCohort571
572,1,testCohort572
573,1,testCohort573
574,1,testCohort574
575,1,testCohort575
576,1,testCohort576
577,1,testCohort577
578,1,testCohort578
579,1,testCohort579
580,1,testCohort580
581,1,testCohort581
582,1,testCohort582
583,1,testCohort583
584,1,testCohort584
585,1,testCohort585
586,1,testCohort586
587,1,testCohort587
588,1,testCohort588
589,1,testCohort589
590,1,testCohort590
591,1,testCohort591
592,1,testCohort592
593,1,testCohort593
594,1,testCohort594
595,1,testCohort595
596,1,testCohort596
597,1,testCohort597
598,1,testCohort598
599,1,testCohort599
600,1,testCohort600
601,1,testCohort601
602,1,testCohort602
603,1,testCohort603
604,1,testCohort604
605,1,testCohort605
606,1,testCohort606
607,1,testCohort607
608,1,testCohort608
609,1,testCohort609
610,1,testCohort610
611,1,testCohort611
612,1,testCohort612
613,1,testCohort613
614,1,testCohort614
615,1,testCohort615
616,1,testCohort616
617,1,testCohort617
618,1,testCohort618
619,1,testCohort619
620,1,testCohort620
621,1,testCohort621
622,1,testCohort622
623,1,testCohort623
624,1,testCohort624
625,1,testCohort625
626,1,testCohort626
627,1,testCohort627
628,1,testCohort628
629,1,testCohort629
630,1,testCohort630
631,1,testCohort631
632,1,testCohort632
633,1,testCohort633
634,1,testCohort634
635,1,testCohort635
636,1,testCohort636
637,1,testCohort637
638,1,testCohort638
639,1,testCohort639
640,1,testCohort640
641,1,testCohort641
642,1,testCohort642
643,1,testCohort643
644,1,testCohort644
645,1,testCohort645
646,1,testCohort646
647,1,testCohort647
648,1,testCohort648
649,1,testCohort649
650,1,testCohort650
651,1,testCohort651
652,1,testCohort652
653,1,testCohort653
654,1,testCohort654
655,1,testCohort655
656,1,testCohort656
657,1,testCohort657
658,1,testCohort658
659,1,testCohort659
660,1,testCohort660
661,1,testCohort661
662,1,testCohort662
663,1,testCohort663
664,1,testCohort664
665,1,testCohort665
666,1,testCohort666
667,1,testCohort667
668,1,testCohort668
669,1,testCohort669
670,1,testCohort670
671,1,testCohort671
672,1,testCohort672
673,1,testCohort673
674,1,testCohort674
675,1,testCohort675
676,1,testCohort676
677,1,testCohort677
678,1,testCohort678
679,1,testCohort679
680,1,testCohort680
681,1,testCohort681
682,1,testCohort682
683,1,testCohort683
684,1,testCohort684
685,1,testCohort685
686,1,testCohort686
687,1,testCohort687
688,1,testCohort688
689,1,testCohort689
690,1,testCohort690
691,1,testCohort691
692,1,testCohort692
693,1,testCohort693
694,1,testCohort694
695,1,testCohort695
696,1,testCohort696
697,1,testCohort697
698,1,testCohort698
699,1,testCohort699
700,1,testCohort700
701,1,testCohort701
702,1,testCohort702
703,1,testCohort703
704,1,testCohort704
705,1,testCohort705
706,1,testCohort706
707,1,testCohort707
708,1,testCohort708
709,1,testCohort709
710,1,testCohort710
711,1,testCohort711
712,1,testCohort712
713,1,testCohort713
714,1,testCohort714
715,1,testCohort715
716,1,testCohort716
717,1,testCohort717
718,1,testCohort718
719,1,testCohort719
720,1,testCohort720
721,1,testCohort721
722,1,testCohort722
723,1,testCohort723
724,1,testCohort724
725,1,testCohort725
726,1,testCohort726
727,1,testCohort727
728,1,testCohort728
729,1,testCohort729
730,1,testCohort730
731,1,testCohort731
732,1,testCohort732
733,1,testCohort733
734,1,testCohort734
735,1,testCohort735
736,1,testCohort736
737,1,testCohort737
738,1,testCohort738
739,1,testCohort739
740,1,testCohort740
741,1,testCohort741
742,1,testCohort742
743,1,testCohort743
744,1,testCohort744
745,1,testCohort745
746,1,testCohort746
747,1,testCohort747
748,1,testCohort748
749,1,testCohort749
750,1,testCohort750
751,1,testCohort751
752,1,testCohort752
753,1,testCohort753
754,1,testCohort754
755,1,testCohort755
756,1,testCohort756
757,1,testCohort757
758,1,testCohort758
759,1,testCohort759
760,1,testCohort760
761,1,testCohort761
762,1,testCohort762
763,1,testCohort763
764,1,testCohort764
765,1,testCohort765
766,1,testCohort766
767,1,testCohort767
768,1,testCohort768
769,1,testCohort769
770,1,testCohort770
771,1,testCohort771
772,1,testCohort772
773,1,testCohort773
774,1,testCohort774
775,1,testCohort775
776,1,testCohort776
777,1,testCohort777
778,1,testCohort778
779,1,testCohort779
780,1,testCohort780
781,1,testCohort781
782,1,testCohort782
783,1,testCohort783
784,1,testCohort784
785,1,testCohort785
786,1,testCohort786
787,1,testCohort787
788,1,testCohort788
789,1,testCohort789
790,1,testCohort790
791,1,testCohort791
792,1,testCohort792
793,1,testCohort793
794,1,testCohort794
795,1,testCohort795
796,1,testCohort796
797,1,testCohort797
798,1,testCohort798
799,1,testCohort799
800,1,testCohort800
801,1,testCohort801
802,1,testCohort802
803,1,testCohort803
804,1,testCohort804
805,1,testCohort805
806,1,testCohort806
807,1,testCohort807
808,1,testCohort808
809,1,testCohort809
810,1,testCohort810
811,1,testCohort811
812,1,testCohort812
813,1,testCohort813
814,1,testCohort814
815,1,testCohort815
816,1,testCohort816
817,1,testCohort817
818,1,testCohort818
819,1,testCohort819
820,1,testCohort820
821,1,testCohort821
822,1,testCohort822
823,1,testCohort823
824,1,testCohort824
825,1,testCohort825
826,1,testCohort826
827,1,testCohort827
828,1,testCohort828
829,1,testCohort829
830,1,testCohort830
831,1,testCohort831
832,1,testCohort832
833,1,testCohort833
834,1,testCohort834
835,1,testCohort835
836,1,testCohort836
837,1,testCohort837
838,1,testCohort838
839,1,testCohort839
840,1,testCohort840
841,1,testCohort841
842,1,testCohort842
843,1,testCohort843
844,1,testCohort844
845,1,testCohort845
846,1,testCohort846
847,1,testCohort847
848,1,testCohort848
849,1,testCohort849
850,1,testCohort850
851,1,testCohort851
852,1,testCohort852
853,1,testCohort853
854,1,testCohort854
855,1,testCohort855
856,1,testCohort856
857,1,testCohort857
858,1,testCohort858
859,1,testCohort859
860,1,testCohort860
861,1,testCohort861
862,1,testCohort862
863,1,testCohort863
864,1,testCohort864
865,1,testCohort865
866,1,testCohort866
867,1,testCohort867
868,1,testCohort868
869,1,testCohort869
870,1,testCohort870
871,1,testCohort871
872,1,testCohort872
873,1,testCohort873
874,1,testCohort874
875,1,testCohort875
876,1,testCohort876
877,1,testCohort877
878,1,testCohort878
879,1,testCohort879
880,1,testCohort880
881,1,testCohort881
882,1,testCohort882
883,1,testCohort883
884,1,testCohort884
885,1,testCohort885
886,1,testCohort886
887,1,testCohort887
888,1,testCohort888
889,1,testCohort889
890,1,testCohort890
891,1,testCohort891
892,1,testCohort892
893,1,testCohort893
894,1,testCohort894
895,1,testCohort895
896,1,testCohort896
897,1,testCohort897
898,1,testCohort898
899,1,testCohort899
900,1,testCohort900
901,1,testCohort901
902,1,testCohort902
903,1,testCohort903
904,1,testCohort904
905,1,testCohort905
906,1,testCohort906
907,1,testCohort907
908,1,testCohort908
909,1,testCohort909
910,1,testCohort910
911,1,testCohort911
912,1,testCohort912
913,1,testCohort913
914,1,testCohort914
915,1,testCohort915
916,1,testCohort916
917,1,testCohort917
918,1,testCohort918
919,1,testCohort919
920,1,testCohort920
921,1,testCohort921
922,1,testCohort922
923,1,testCohort923
924,1,testCohort924
925,1,testCohort925
926,1,testCohort926
927,1,testCohort927
928,1,testCohort928
929,1,testCohort929
930,1,testCohort930
931,1,testCohort931
932,1,testCohort932
933,1,testCohort933
934,1,testCohort934
935,1,testCohort935
936,1,testCohort936
937,1,testCohort937
938,1,testCohort938
939,1,testCohort939
940,1,testCohort940
941,1,testCohort941
942,1,testCohort942
943,1,testCohort943
944,1,testCohort944
945,1,testCohort945
946,1,testCohort946
947,1,testCohort947
948,1,testCohort948
949,1,testCohort949
950,1,testCohort950
951,1,testCohort951
952,1,testCohort952
953,1,testCohort953
954,1,testCohort954
955,1,testCohort955
956,1,testCohort956
957,1,testCohort957
958,1,testCohort958
959,1,testCohort959
960,1,testCohort960
961,1,testCohort961
962,1,testCohort962
963,1,testCohort963
964,1,testCohort964
965,1,testCohort965
966,1,testCohort966
967,1,testCohort967
968,1,testCohort968
969,1,testCohort969
970,1,testCohort970
971,1,testCohort971
972,1,testCohort972
973,1,testCohort973
974,1,testCohort974
975,1,testCohort975
976,1,testCohort976
977,1,testCohort977
978,1,testCohort978
979,1,testCohort979
980,1,testCohort980
981,1,testCohort981
982,1,testCohort982
983,1,testCohort983
984,1,testCohort984
985,1,testCohort985
986,1,testCohort986
987,1,testCohort987
988,1,testCohort988
989,1,testCohort989
990,1,testCohort990
991,1,testCohort991
992,1,testCohort992
993,1,testCohort993
994,1,testCohort994
995,1,testCohort995
996,1,testCohort996
997,1,testCohort997
998,1,testCohort998
999,1,testCohort999
1000,1,testCohort1000
1001,1,testCohort1001
1002,1,testCohort1002
1003,1,testCohort1003
1004,1,testCohort1004
1005,1,testCohort1005
1006,1,testCohort1006
1007,1,testCohort1007
1008,1,testCohort1008
1009,1,testCohort1009
1010,1,testCohort1010
1011,1,testCohort1011
1012,1,testCohort1012
1013,1,testCohort1013
1014,1,testCohort1014
1015,1,testCohort1015
1016,1,testCohort1016
1017,1,testCohort1017
1018,1,testCohort1018
1019,1,testCohort1019
1020,1,testCohort1020
1021,1,testCohort1021
1022,1,testCohort1022
1023,1,testCohort1023
1024,1,testCohort1024
1025,1,testCohort1025
1026,1,testCohort1026
1027,1,testCohort1027
1028,1,testCohort1028
1029,1,testCohort1029
1030,1,testCohort1030
1031,1,testCohort1031
1032,1,testCohort1032
1033,1,testCohort1033
1034,1,testCohort1034
1035,1,testCohort1035
1036,1,testCohort1036
1037,1,testCohort1037
1038,1,testCohort1038
1039,1,testCohort1039
1040,1,testCohort1040
1041,1,testCohort1041
1042,1,testCohort1042
1043,1,testCohort1043
1044,1,testCohort1044
1045,1,testCohort1045
1046,1,testCohort1046
1047,1,testCohort1047
1048,1,testCohort1048
1049,1,testCohort1049
1050,1,testCohort1050
1051,1,testCohort1051
1052,1,testCohort1052
1053,1,testCohort1053
1054,1,testCohort1054
1055,1,testCohort1055
1056,1,testCohort1056
1057,1,testCohort1057
1058,1,testCohort1058
1059,1,testCohort1059
1060,1,testCohort1060
1061,1,testCohort1061
1062,1,testCohort1062
1063,1,testCohort1063
1064,1,testCohort1064
1065,1,testCohort1065
1066,1,testCohort1066
1067,1,testCohort1067
1068,1,testCohort1068
1069,1,testCohort1069
1070,1,testCohort1070
1071,1,testCohort1071
1072,1,testCohort1072
1073,1,testCohort1073
1074,1,testCohort1074
1075,1,testCohort1075
1076,1,testCohort1076
1077,1,testCohort1077
1078,1,testCohort1078
1079,1,testCohort1079
1080,1,testCohort1080
1081,1,testCohort1081
1082,1,testCohort1082
1083,1,testCohort1083
1084,1,testCohort1084
1085,1,testCohort1085
1086,1,testCohort1086
1087,1,testCohort1087
1088,1,testCohort1088
1089,1,testCohort1089
1090,1,testCohort1090
1091,1,testCohort1091
1092,1,testCohort1092
1093,1,testCohort1093
1094,1,testCohort1094
1095,1,testCohort1095
1096,1,testCohort1096
1097,1,testCohort1097
1098,1,testCohort1098
1099,1,testCohort1099
1100,1,testCohort1100
1101,1,testCohort1101
1102,1,testCohort1102
1103,1,testCohort1103
1104,1,testCohort1104
1105,1,testCohort1105
1106,1,testCohort1106
1107,1,testCohort1107
1108,1,testCohort1108
1109,1,testCohort1109
1110,1,testCohort1110
1111,1,testCohort1111
1112,1,testCohort1112
1113,1,testCohort1113
1114,1,testCohort1114
1115,1,testCohort1115
1116,1,testCohort1116
1117,1,testCohort1117
1118,1,testCohort1118
1119,1,testCohort1119
1120,1,testCohort1120
1121,1,testCohort1121
1122,1,testCohort1122
1123,1,testCohort1123
1124,1,testCohort1124
1125,1,testCohort1125
1126,1,testCohort1126
1127,1,testCohort1127
1128,1,testCohort1128
1129,1,testCohort1129
1130,1,testCohort1130
1131,1,testCohort1131
1132,1,testCohort1132
1133,1,testCohort1133
1134,1,testCohort1134
1135,1,testCohort1135
1136,1,testCohort1136
1137,1,testCohort1137
1138,1,testCohort1138
1139,1,testCohort1139
1140,1,testCohort1140
1141,1,testCohort1141
1142,1,testCohort1142
1143,1,testCohort1143
1144,1,testCohort1144
1145,1,testCohort1145
1146,1,testCohort1146
1147,1,testCohort1147
1148,1,testCohort1148
1149,1,testCohort1149
1150,1,testCohort1150
1151,1,testCohort1151
1152,1,testCohort1152
1153,1,testCohort1153
1154,1,testCohort1154
1155,1,testCohort1155
1156,1,testCohort1156
1157,1,testCohort1157
1158,1,testCohort1158
1159,1,testCohort1159
1160,1,testCohort1160
1161,1,testCohort1161
1162,1,testCohort1162
1163,1,testCohort1163
1164,1,testCohort1164
1165,1,testCohort1165
1166,1,testCohort1166
1167,1,testCohort1167
1168,1,testCohort1168
1169,1,testCohort1169
1170,1,testCohort1170
1171,1,testCohort1171
1172,1,testCohort1172
1173,1,testCohort1173
1174,1,testCohort1174
1175,1,testCohort1175
1176,1,testCohort1176
1177,1,testCohort1177
1178,1,testCohort1178
1179,1,testCohort1179
1180,1,testCohort1180
1181,1,testCohort1181
1182,1,testCohort1182
1183,1,testCohort1183
1184,1,testCohort1184
1185,1,testCohort1185
1186,1,testCohort1186
1187,1,testCohort1187
1188,1,testCohort1188
1189,1,testCohort1189
1190,1,testCohort1190
1191,1,testCohort1191
1192,1,testCohort1192
1193,1,testCohort1193
1194,1,testCohort1194
1195,1,testCohort1195
1196,1,testCohort1196
1197,1,testCohort1197
1198,1,testCohort1198
1199,1,testCohort1199
1200,1,testCohort1200
1201,1,testCohort1201