ID,NAME
901,\ACT\Labs\
902,\ACT\Labs\
903,\ACT\Labs\
904,\ACT\Labs\
905,\ACT\Labs\
906,\ACT\Labs\
907,\ACT\Labs\
908,\ACT\Labs\
909,\ACT\Labs\
910,\ACT\Labs\
911,\ACT\Labs\
912,\ACT\Labs\
913,\ACT\Labs\
914,\ACT\Labs\
915,\ACT\Labs\
916,\ACT\Labs\
917,\ACT\Labs\
918,\ACT\Labs\
919,\ACT\Labs\
920,\ACT\Labs\
921,\ACT\Labs\
922,\ACT\Labs\
923,\ACT\Labs\
924,\ACT\Labs\
925,\ACT\Labs\
926,\ACT\Labs\
927,\ACT\Labs\
928,\ACT\Labs\
929,\ACT\Labs\
930,\ACT\Labs\
931,\ACT\Labs\
932,\ACT\Labs\
933,\ACT\Labs\
934,\ACT\Labs\
935,\ACT\Labs\
936,\ACT\Labs\
937,\ACT\Labs\
938,\ACT\Labs\
939,\ACT\Labs\
940,\ACT\Labs\
941,\ACT\Labs\
942,\ACT\Labs\
943,\ACT\Labs\
944,\ACT\Labs\
945,\ACT\Labs\
946,\ACT\Labs\
947,\ACT\Labs\
948,\ACT\Labs\
949,\ACT\Labs\
950,\ACT\Labs\
951,\ACT\Labs\
952,\ACT\Labs\
953,\ACT\Labs\
954,\ACT\Labs\
955,\ACT\Labs\
956,\ACT\Labs\
957,\ACT\Labs\
958,\ACT\Labs\
959,\ACT\Labs\
960,\ACT\Labs\
961,\ACT\Labs\
962,\ACT\Labs\
963,\ACT\Labs\
964,\ACT\Labs\
965,\ACT\Labs\
966,\ACT\Labs\
967,\ACT\Labs\
968,\ACT\Labs\
969,\ACT\Labs\
970,\ACT\Labs\
971,\ACT\Labs\
972,\ACT\Labs\
973,\ACT\Labs\
974,\ACT\Labs\
975,\ACT\Labs\
976,\ACT\Labs\
977,\ACT\Labs\
978,\ACT\Labs\
979,\ACT\Labs\
980,\ACT\Labs\
981,\ACT\Labs\
982,\ACT\Labs\
983,\ACT\Labs\
984,\ACT\Labs\
985,\ACT\Labs\
986,\ACT\Labs\
987,\ACT\Labs\
988,\ACT\Labs\
989,\ACT\Labs\
990,\ACT\Labs\
991,\ACT\Labs\
992,\ACT\Labs\
993,\ACT\Labs\
994,\ACT\Labs\
995,\ACT\Labs\
996,\ACT\Labs\
997,\ACT\Labs\
998,\ACT\Labs\
999,\ACT\Labs\
1000,\ACT\Labs\
1001,\ACT\Labs\
1002,\ACT\Labs\
1003,\ACT\Labs\
1004,\ACT\Labs\
1005,\ACT\Labs\
1006,\ACT\Labs\
1007,\ACT\Labs\
1008,\ACT\Labs\
1009,\ACT\Labs\
1010,\ACT\Labs\
1011,\ACT\Labs\
1012,\ACT\Labs\
1013,\ACT\Labs\
1014,\ACT\Labs\
1015,\ACT\Labs\
1016,\ACT\Labs\
1017,\ACT\Labs\
1018,\ACT\Labs\
1019,\ACT\Labs\
1020,\ACT\Labs\
1021,\ACT\Labs\
1022,\ACT\Labs\
1023,\ACT\Labs\
1024,\ACT\Labs\
1025,\ACT\Labs\
1026,\ACT\Labs\
1027,\ACT\Labs\
1028,\ACT\Labs\
1029,\ACT\Labs\
1030,\ACT\Labs\
1031,\ACT\Labs\
1032,\ACT\Labs\
1033,\ACT\Labs\
1034,\ACT\Labs\
1035,\ACT\Labs\
1036,\ACT\Labs\
1037,\ACT\Labs\
1038,\ACT\Labs\
1039,\ACT\Labs\
1040,\ACT\Labs\
1041,\ACT\Labs\
1042,\ACT\Labs\
1043,\ACT\Labs\
1044,\ACT\Labs\
1045,\ACT\Labs\
1046,\ACT\Labs\
1047,\ACT\Labs\
1048,\ACT\Labs\
1049,\ACT\Labs\
1050,\ACT\Labs\
1051,\ACT\Labs\
1052,\ACT\Labs\
1053,\ACT\Labs\
1054,\ACT\Labs\
1055,\ACT\Labs\
1056,\ACT\Labs\
1057,\ACT\Labs\
1058,\ACT\Labs\
1059,\ACT\Labs\
1060,\ACT\Labs\
1061,\ACT\Labs\
1062,\ACT\Labs\
1063,\ACT\Labs\
1064,\ACT\Labs\
1065,\ACT\Labs\
1066,\ACT\Labs\
1067,\ACT\Labs\
1068,\ACT\Labs\
1069,\ACT\Labs\
1070,\ACT\Labs\
1071,\ACT\Labs\
1072,\ACT\Labs\
1073,\ACT\Labs\
1074,\ACT\Labs\
1075,\ACT\Labs\
1076,\ACT\Labs\
1077,\ACT\Labs\
1078,\ACT\Labs\
1079,\ACT\Labs\
1080,\ACT\Labs\
1081,\ACT\Labs\
1082,\ACT\Labs\
1083,\ACT\Labs\
1084,\ACT\Labs\
1085,\ACT\Labs\
1086,\ACT\Labs\
1087,\ACT\Labs\
1088,\ACT\Labs\
1089,\ACT\Labs\
1090,\ACT\Labs\
1091,\ACT\Labs\
1092,\ACT\Labs\
1093,\ACT\Labs\
1094,\ACT\Labs\
1095,\ACT\Labs\
1096,\ACT\Labs\
1097,\ACT\Labs\
1098,\ACT\Labs\
1099,\ACT\Labs\
1100,\ACT\Labs\
1101,PatientDetails
1102,PatientDetails
1103,PatientDetails
1104,PatientDetails
1105,PatientDetails
1106,PatientDetails
1107,PatientDetails
1108,PatientDetails
1109,PatientDetails
1110,PatientDetails
1111,PatientDetails
1112,PatientDetails
1113,PatientDetails
1114,PatientDetails
1115,PatientDetails
1116,PatientDetails
1117,PatientDetails
1118,PatientDetails
1119,PatientDetails
1120,PatientDetails
1121,PatientDetails
1122,PatientDetails
1123,PatientDetails
1124,PatientDetails
1125,PatientDetails
1126,PatientDetails
1127,PatientDetails
1128,PatientDetails
1129,PatientDetails
1130,PatientDetails
1131,PatientDetails
1132,PatientDetails
1133,PatientDetails
1134,PatientDetails
1135,PatientDetails
1136,PatientDetails
1137,PatientDetails
1138,PatientDetails
1139,PatientDetails
1140,PatientDetails
1141,PatientDetails
1142,PatientDetails
1143,PatientDetails
1144,PatientDetails
1145,PatientDetails
1146,PatientDetails
1147,PatientDetails
1148,PatientDetails
1149,PatientDetails
1150,PatientDetails
1151,PatientDetails
1152,PatientDetails
1153,PatientDetails
1154,PatientDetails
1155,PatientDetails
1156,PatientDetails
1157,PatientDetails
1158,PatientDetails
1159,PatientDetails
1160,PatientDetails
1161,PatientDetails
1162,PatientDetails
1163,PatientDetails
1164,PatientDetails
1165,PatientDetails
1166,PatientDetails
1167,PatientDetails
1168,PatientDetails
1169,PatientDetails
1170,PatientDetails
1171,PatientDetails
1172,PatientDetails
1173,PatientDetails
1174,PatientDetails
1175,PatientDetails
1176,PatientDetails
1177,PatientDetails
1178,PatientDetails
1179,PatientDetails
1180,PatientDetails
1181,PatientDetails
1182,PatientDetails
1183,PatientDetails
1184,PatientDetails
1185,PatientDetails
1186,PatientDetails
1187,PatientDetails
1188,PatientDetails
1189,PatientDetails
1190,PatientDetails
1191,PatientDetails
1192,PatientDetails
1193,PatientDetails
1194,PatientDetails
1195,PatientDetails
1196,PatientDetails
1197,PatientDetails
1198,PatientDetails
1199,PatientDetails
1200,PatientDetails
1201,PatientDetails
1202,PatientDetails
1203,PatientDetails
1204,PatientDetails
1205,PatientDetails
1206,PatientDetails
1207,PatientDetails
1208,PatientDetails
1209,PatientDetails
1210,PatientDetails
1211,PatientDetails
1212,PatientDetails
1213,PatientDetails
1214,PatientDetails
1215,PatientDetails
1216,PatientDetails
1217,PatientDetails
1218,PatientDetails
1219,PatientDetails
1220,PatientDetails
1221,PatientDetails
1222,PatientDetails
1223,PatientDetails
1224,PatientDetails
1225,PatientDetails
1226,PatientDetails
1227,PatientDetails
1228,PatientDetails
1229,PatientDetails
1230,PatientDetails
1231,PatientDetails
1232,PatientDetails
1233,PatientDetails
1234,PatientDetails
1235,PatientDetails
1236,PatientDetails
1237,PatientDetails
1238,PatientDetails
1239,PatientDetails
1240,PatientDetails
1241,PatientDetails
1242,PatientDetails
1243,PatientDetails
1244,PatientDetails
1245,PatientDetails
1246,PatientDetails
1247,PatientDetails
1248,PatientDetails
1249,PatientDetails
1250,PatientDetails
1251,PatientDetails
1252,PatientDetails
1253,PatientDetails
1254,PatientDetails
1255,PatientDetails
1256,PatientDetails
1257,PatientDetails
1258,PatientDetails
1259,PatientDetails
1260,PatientDetails
1261,PatientDetails
1262,PatientDetails
1263,PatientDetails
1264,PatientDetails
1265,PatientDetails
1266,PatientDetails
1267,PatientDetails
1268,PatientDetails
1269,PatientDetails
1270,PatientDetails
1271,PatientDetails
1272,PatientDetails
1273,PatientDetails
1274,PatientDetails
1275,PatientDetails
1276,PatientDetails
1277,PatientDetails
1278,PatientDetails
1279,PatientDetails
1280,PatientDetails
1281,PatientDetails
1282,PatientDetails
1283,PatientDetails
1284,PatientDetails
1285,PatientDetails
1286,PatientDetails
1287,PatientDetails
1288,PatientDetails
1289,PatientDetails
1290,PatientDetails
1291,PatientDetails
1292,PatientDetails
1293,PatientDetails
1294,PatientDetails
1295,PatientDetails
1296,PatientDetails
1297,PatientDetails
1298,PatientDetails
1299,PatientDetails
1300,PatientDetails
1301,VitalSign
1302,VitalSign
1303,VitalSign
1304,VitalSign
1305,VitalSign
1306,VitalSign
1307,VitalSign
1308,VitalSign
1309,VitalSign
1310,VitalSign
1311,VitalSign
1312,VitalSign
1313,VitalSign
1314,VitalSign
1315,VitalSign
1316,VitalSign
1317,VitalSign
1318,VitalSign
1319,VitalSign
1320,VitalSign
1321,VitalSign
1322,VitalSign
1323,VitalSign
1324,VitalSign
1325,VitalSign
1326,VitalSign
1327,VitalSign
1328,VitalSign
1329,VitalSign
1330,VitalSign
1331,VitalSign
1332,VitalSign
1333,VitalSign
1334,VitalSign
1335,VitalSign
1336,VitalSign
1337,VitalSign
1338,VitalSign
1339,VitalSign
1340,VitalSign
1341,VitalSign
1342,VitalSign
1343,VitalSign
1344,VitalSign
1345,VitalSign
1346,VitalSign
1347,VitalSign
1348,VitalSign
1349,VitalSign
1350,VitalSign
1351,VitalSign
1352,VitalSign
1353,VitalSign
1354,VitalSign
1355,VitalSign
1356,VitalSign
1357,VitalSign
1358,VitalSign
1359,VitalSign
1360,VitalSign
1361,VitalSign
1362,VitalSign
1363,VitalSign
1364,VitalSign
1365,VitalSign
1366,VitalSign
1367,VitalSign
1368,VitalSign
1369,VitalSign
1370,VitalSign
1371,VitalSign
1372,VitalSign
1373,VitalSign
1374,VitalSign
1375,VitalSign
1376,VitalSign
1377,VitalSign
1378,VitalSign
1379,VitalSign
1380,VitalSign
1381,VitalSign
1382,VitalSign
1383,VitalSign
1384,VitalSign
1385,VitalSign
1386,VitalSign
1387,VitalSign
1388,VitalSign
1389,VitalSign
1390,VitalSign
1391,VitalSign
1392,VitalSign
1393,VitalSign
1394,VitalSign
1395,VitalSign
1396,VitalSign
1397,VitalSign
1398,VitalSign
1399,VitalSign
1400,VitalSign
1401,VitalSign
1402,VitalSign
1403,VitalSign
1404,VitalSign
1405,VitalSign
1406,VitalSign
1407,VitalSign
1408,VitalSign
1409,VitalSign
1410,VitalSign
1411,VitalSign
1412,VitalSign
1413,VitalSign
1414,VitalSign
1415,VitalSign
1416,VitalSign
1417,VitalSign
1418,VitalSign
1419,VitalSign
1420,VitalSign
1421,VitalSign
1422,VitalSign
1423,VitalSign
1424,VitalSign
1425,VitalSign
1426,VitalSign
1427,VitalSign
1428,VitalSign
1429,VitalSign
1430,VitalSign
1431,VitalSign
1432,VitalSign
1433,VitalSign
1434,VitalSign
1435,VitalSign
1436,VitalSign
1437,VitalSign
1438,VitalSign
1439,VitalSign
1440,VitalSign
1441,VitalSign
1442,VitalSign
1443,VitalSign
1444,VitalSign
1445,VitalSign
1446,VitalSign
1447,VitalSign
1448,VitalSign
1449,VitalSign
1450,VitalSign
1451,VitalSign
1452,VitalSign
1453,VitalSign
1454,VitalSign
1455,VitalSign
1456,VitalSign
1457,VitalSign
1458,VitalSign
1459,VitalSign
1460,VitalSign
1461,VitalSign
1462,VitalSign
1463,VitalSign
1464,VitalSign
1465,VitalSign
1466,VitalSign
1467,VitalSign
1468,VitalSign
1469,VitalSign
1470,VitalSign
1471,VitalSign
1472,VitalSign
1473,VitalSign
1474,VitalSign
1475,VitalSign
1476,VitalSign
1477,VitalSign
1478,VitalSign
1479,VitalSign
1480,VitalSign
1481,VitalSign
1482,VitalSign
1483,VitalSign
1484,VitalSign
1485,VitalSign
1486,VitalSign
1487,VitalSign
1488,VitalSign
1489,VitalSign
1490,VitalSign
1491,VitalSign
1492,VitalSign
1493,VitalSign
1494,VitalSign
1495,VitalSign
1496,VitalSign
1497,VitalSign
1498,VitalSign
1499,VitalSign
1500,VitalSign
1501,ICD10:Diagnoses
1502,ICD10:Diagnoses
1503,ICD10:Diagnoses
1504,ICD10:Diagnoses
1505,ICD10:Diagnoses
1506,ICD10:Diagnoses
1507,ICD10:Diagnoses
1508,ICD10:Diagnoses
1509,ICD10:Diagnoses
1510,ICD10:Diagnoses
1511,ICD10:Diagnoses
1512,ICD10:Diagnoses
1513,ICD10:Diagnoses
1514,ICD10:Diagnoses
1515,ICD10:Diagnoses
1516,ICD10:Diagnoses
1517,ICD10:Diagnoses
1518,ICD10:Diagnoses
1519,ICD10:Diagnoses
1520,ICD10:Diagnoses
1521,ICD10:Diagnoses
1522,ICD10:Diagnoses
1523,ICD10:Diagnoses
1524,ICD10:Diagnoses
1525,ICD10:Diagnoses
1526,ICD10:Diagnoses
1527,ICD10:Diagnoses
1528,ICD10:Diagnoses
1529,ICD10:Diagnoses
1530,ICD10:Diagnoses
1531,ICD10:Diagnoses
1532,ICD10:Diagnoses
1533,ICD10:Diagnoses
1534,ICD10:Diagnoses
1535,ICD10:Diagnoses
1536,ICD10:Diagnoses
1537,ICD10:Diagnoses
1538,ICD10:Diagnoses
1539,ICD10:Diagnoses
1540,ICD10:Diagnoses
1541,ICD10:Diagnoses
1542,ICD10:Diagnoses
1543,ICD10:Diagnoses
1544,ICD10:Diagnoses
1545,ICD10:Diagnoses
1546,ICD10:Diagnoses
1547,ICD10:Diagnoses
1548,ICD10:Diagnoses
1549,ICD10:Diagnoses
1550,ICD10:Diagnoses
1551,ICD10:Diagnoses
1552,ICD10:Diagnoses
1553,ICD10:Diagnoses
1554,ICD10:Diagnoses
1555,ICD10:Diagnoses
1556,ICD10:Diagnoses
1557,ICD10:Diagnoses
1558,ICD10:Diagnoses
1559,ICD10:Diagnoses
1560,ICD10:Diagnoses
1561,ICD10:Diagnoses
1562,ICD10:Diagnoses
1563,ICD10:Diagnoses
1564,ICD10:Diagnoses
1565,ICD10:Diagnoses
1566,ICD10:Diagnoses
1567,ICD10:Diagnoses
1568,ICD10:Diagnoses
1569,ICD10:Diagnoses
1570,ICD10:Diagnoses
1571,ICD10:Diagnoses
1572,ICD10:Diagnoses
1573,ICD10:Diagnoses
1574,ICD10:Diagnoses
1575,ICD10:Diagnoses
1576,ICD10:Diagnoses
1577,ICD10:Diagnoses
1578,ICD10:Diagnoses
1579,ICD10:Diagnoses
1580,ICD10:Diagnoses
1581,ICD10:Diagnoses
1582,ICD10:Diagnoses
1583,ICD10:Diagnoses
1584,ICD10:Diagnoses
1585,ICD10:Diagnoses
1586,ICD10:Diagnoses
1587,ICD10:Diagnoses
1588,ICD10:Diagnoses
1589,ICD10:Diagnoses
1590,ICD10:Diagnoses
1591,ICD10:Diagnoses
1592,ICD10:Diagnoses
1593,ICD10:Diagnoses
1594,ICD10:Diagnoses
1595,ICD10:Diagnoses
1596,ICD10:Diagnoses
1597,ICD10:Diagnoses
1598,ICD10:Diagnoses
1599,ICD10:Diagnoses
1600,ICD10:Diagnoses
1601,ICD10:Diagnoses
1602,ICD10:Diagnoses
1603,ICD10:Diagnoses
1604,ICD10:Diagnoses
1605,ICD10:Diagnoses
1606,ICD10:Diagnoses
1607,ICD10:Diagnoses
1608,ICD10:Diagnoses
1609,ICD10:Diagnoses
1610,ICD10:Diagnoses
1611,ICD10:Diagnoses
1612,ICD10:Diagnoses
1613,ICD10:Diagnoses
1614,ICD10:Diagnoses
1615,ICD10:Diagnoses
1616,ICD10:Diagnoses
1617,ICD10:Diagnoses
1618,ICD10:Diagnoses
1619,ICD10:Diagnoses
1620,ICD10:Diagnoses
1621,ICD10:Diagnoses
1622,ICD10:Diagnoses
1623,ICD10:Diagnoses
1624,ICD10:Diagnoses
1625,ICD10:Diagnoses
1626,ICD10:Diagnoses
1627,ICD10:Diagnoses
1628,ICD10:Diagnoses
1629,ICD10:Diagnoses
1630,ICD10:Diagnoses
1631,ICD10:Diagnoses
1632,ICD10:Diagnoses
1633,ICD10:Diagnoses
1634,ICD10:Diagnoses
1635,ICD10:Diagnoses
1636,ICD10:Diagnoses
1637,ICD10:Diagnoses
1638,ICD10:Diagnoses
1639,ICD10:Diagnoses
1640,ICD10:Diagnoses
1641,ICD10:Diagnoses
1642,ICD10:Diagnoses
1643,ICD10:Diagnoses
1644,ICD10:Diagnoses
1645,ICD10:Diagnoses
1646,ICD10:Diagnoses
1647,ICD10:Diagnoses
1648,ICD10:Diagnoses
1649,ICD10:Diagnoses
1650,ICD10:Diagnoses
1651,ICD10:Diagnoses
1652,ICD10:Diagnoses
1653,ICD10:Diagnoses
1654,ICD10:Diagnoses
1655,ICD10:Diagnoses
1656,ICD10:Diagnoses
1657,ICD10:Diagnoses
1658,ICD10:Diagnoses
1659,ICD10:Diagnoses
1660,ICD10:Diagnoses
1661,ICD10:Diagnoses
1662,ICD10:Diagnoses
1663,ICD10:Diagnoses
1664,ICD10:Diagnoses
1665,ICD10:Diagnoses
1666,ICD10:Diagnoses
1667,ICD10:Diagnoses
1668,ICD10:Diagnoses
1669,ICD10:Diagnoses
1670,ICD10:Diagnoses
1671,ICD10:Diagnoses
1672,ICD10:Diagnoses
1673,ICD10:Diagnoses
1674,ICD10:Diagnoses
1675,ICD10:Diagnoses
1676,ICD10:Diagnoses
1677,ICD10:Diagnoses
1678,ICD10:Diagnoses
1679,ICD10:Diagnoses
1680,ICD10:Diagnoses
1681,ICD10:Diagnoses
1682,ICD10:Diagnoses
1683,ICD10:Diagnoses
1684,ICD10:Diagnoses
1685,ICD10:Diagnoses
1686,ICD10:Diagnoses
1687,ICD10:Diagnoses
1688,ICD10:Diagnoses
1689,ICD10:Diagnoses
1690,ICD10:Diagnoses
1691,ICD10:Diagnoses
1692,ICD10:Diagnoses
1693,ICD10:Diagnoses
1694,ICD10:Diagnoses
1695,ICD10:Diagnoses
1696,ICD10:Diagnoses
1697,ICD10:Diagnoses
1698,ICD10:Diagnoses
1699,ICD10:Diagnoses
1700,ICD10:Diagnoses
1701,ICD10:Diagnoses
1702,ICD10:Diagnoses
1703,ICD10:Diagnoses
1704,ICD10:Diagnoses
1705,ICD10:Diagnoses
1706,ICD10:Diagnoses
1707,ICD10:Diagnoses
1708,ICD10:Diagnoses
1709,ICD10:Diagnoses
1710,ICD10:Diagnoses
1711,ICD10:Diagnoses
1712,ICD10:Diagnoses
1713,ICD10:Diagnoses
1714,ICD10:Diagnoses
1715,ICD10:Diagnoses
1716,ICD10:Diagnoses
1717,ICD10:Diagnoses
1718,ICD10:Diagnoses
1719,ICD10:Diagnoses
1720,ICD10:Diagnoses
1721,ICD10:Diagnoses
1722,ICD10:Diagnoses
1723,ICD10:Diagnoses
1724,ICD10:Diagnoses
1725,ICD10:Diagnoses
1726,ICD10:Diagnoses
1727,ICD10:Diagnoses
1728,ICD10:Diagnoses
1729,ICD10:Diagnoses
1730,ICD10:Diagnoses
1731,ICD10:Diagnoses
1732,ICD10:Diagnoses
1733,ICD10:Diagnoses
1734,ICD10:Diagnoses
1735,ICD10:Diagnoses
1736,ICD10:Diagnoses
1737,ICD10:Diagnoses
1738,ICD10:Diagnoses
1739,ICD10:Diagnoses
1740,ICD10:Diagnoses
1741,ICD10:Diagnoses
1742,ICD10:Diagnoses
1743,ICD10:Diagnoses
1744,ICD10:Diagnoses
1745,ICD10:Diagnoses
1746,ICD10:Diagnoses
1747,ICD10:Diagnoses
1748,ICD10:Diagnoses
1749,ICD10:Diagnoses
1750,ICD10:Diagnoses
1751,ICD10:Diagnoses
1752,ICD10:Diagnoses
1753,ICD10:Diagnoses
1754,ICD10:Diagnoses
1755,ICD10:Diagnoses
1756,ICD10:Diagnoses
1757,ICD10:Diagnoses
1758,ICD10:Diagnoses
1759,ICD10:Diagnoses
1760,ICD10:Diagnoses
1761,ICD10:Diagnoses
1762,ICD10:Diagnoses
1763,ICD10:Diagnoses
1764,ICD10:Diagnoses
1765,ICD10:Diagnoses
1766,ICD10:Diagnoses
1767,ICD10:Diagnoses
1768,ICD10:Diagnoses
1769,ICD10:Diagnoses
1770,ICD10:Diagnoses
1771,ICD10:Diagnoses
1772,ICD10:Diagnoses
1773,ICD10:Diagnoses
1774,ICD10:Diagnoses
1775,ICD10:Diagnoses
1776,ICD10:Diagnoses
1777,ICD10:Diagnoses
1778,ICD10:Diagnoses
1779,ICD10:Diagnoses
1780,ICD10:Diagnoses
1781,ICD10:Diagnoses
1782,ICD10:Diagnoses
1783,ICD10:Diagnoses
1784,ICD10:Diagnoses
1785,ICD10:Diagnoses
1786,ICD10:Diagnoses
1787,ICD10:Diagnoses
1788,ICD10:Diagnoses
1789,ICD10:Diagnoses
1790,ICD10:Diagnoses
1791,ICD10:Diagnoses
1792,ICD10:Diagnoses
1793,ICD10:Diagnoses
1794,ICD10:Diagnoses
1795,ICD10:Diagnoses
1796,ICD10:Diagnoses
1797,ICD10:Diagnoses
1798,ICD10:Diagnoses
1799,ICD10:Diagnoses
1800,ICD10:Diagnoses